{
  "version": 2,
  "nodes": [
    {
      "id": "node_1",
      "type": "video_read",
      "x": 50,
      "y": 250,
      "properties": {
        "filepath": "",
        "mode": "loop",
        "frameIndex": 0,
        "imageId": "99a13be4",
        "filename": "ocean.mp4"
      },
      "label": "ocean.mp4"
    },
    {
      "id": "node_2",
      "type": "cvt_color",
      "x": 280,
      "y": 250,
      "properties": {
        "code": "COLOR_BGR2HSV"
      }
    },
    {
      "id": "node_3",
      "type": "in_range",
      "x": 510,
      "y": 250,
      "properties": {
        "lowerB": 0,
        "lowerG": 30,
        "lowerR": 60,
        "upperB": 20,
        "upperG": 150,
        "upperR": 255
      }
    },
    {
      "id": "node_4",
      "type": "gaussian_blur",
      "x": 740,
      "y": 250,
      "properties": {
        "ksize": 5,
        "sigmaX": 0
      }
    },
    {
      "id": "node_5",
      "type": "erode",
      "x": 970,
      "y": 200,
      "properties": {
        "ksize": 3,
        "iterations": 2
      }
    },
    {
      "id": "node_6",
      "type": "dilate",
      "x": 1200,
      "y": 200,
      "properties": {
        "ksize": 3,
        "iterations": 3
      }
    },
    {
      "id": "node_7",
      "type": "find_contours",
      "x": 1430,
      "y": 250,
      "properties": {
        "mode": "RETR_EXTERNAL",
        "method": "CHAIN_APPROX_SIMPLE"
      }
    },
    {
      "id": "node_8",
      "type": "convex_hull",
      "x": 1660,
      "y": 250,
      "properties": {
        "mode": "RETR_EXTERNAL",
        "method": "CHAIN_APPROX_SIMPLE",
        "thickness": 2,
        "colorR": 0,
        "colorG": 255,
        "colorB": 0
      }
    },
    {
      "id": "node_9",
      "type": "contour_properties",
      "x": 1890,
      "y": 250,
      "properties": {
        "mode": "RETR_EXTERNAL",
        "method": "CHAIN_APPROX_SIMPLE",
        "showArea": true,
        "showPerimeter": false,
        "showCenter": true
      }
    },
    {
      "id": "node_10",
      "type": "image_show",
      "x": 2120,
      "y": 250,
      "properties": {
        "windowName": "Finger Counter"
      }
    }
  ],
  "connections": [
    {
      "sourceNode": "node_1",
      "sourcePort": "image",
      "targetNode": "node_2",
      "targetPort": "image"
    },
    {
      "sourceNode": "node_2",
      "sourcePort": "image",
      "targetNode": "node_3",
      "targetPort": "image"
    },
    {
      "sourceNode": "node_3",
      "sourcePort": "image",
      "targetNode": "node_4",
      "targetPort": "image"
    },
    {
      "sourceNode": "node_4",
      "sourcePort": "image",
      "targetNode": "node_5",
      "targetPort": "image"
    },
    {
      "sourceNode": "node_5",
      "sourcePort": "image",
      "targetNode": "node_6",
      "targetPort": "image"
    },
    {
      "sourceNode": "node_6",
      "sourcePort": "image",
      "targetNode": "node_7",
      "targetPort": "image"
    },
    {
      "sourceNode": "node_7",
      "sourcePort": "image",
      "targetNode": "node_8",
      "targetPort": "image"
    },
    {
      "sourceNode": "node_8",
      "sourcePort": "image",
      "targetNode": "node_9",
      "targetPort": "image"
    },
    {
      "sourceNode": "node_9",
      "sourcePort": "image",
      "targetNode": "node_10",
      "targetPort": "image"
    }
  ],
  "pan": {
    "x": 0,
    "y": 0
  },
  "zoom": 1,
  "nextNodeId": 11
}