{
  "version": 2,
  "nodes": [
    {
      "id": "node_1",
      "type": "image_read",
      "x": 50,
      "y": 250,
      "properties": {
        "filepath": "",
        "imageId": "dbea17e0",
        "filename": "family.jpg"
      },
      "label": "family.jpg"
    },
    {
      "id": "node_2",
      "type": "haar_cascade",
      "x": 350,
      "y": 150,
      "label": "Face Detect",
      "properties": {
        "cascadeType": "frontalface",
        "scaleFactor": 1.3,
        "minNeighbors": 5,
        "minWidth": 30,
        "minHeight": 30
      }
    },
    {
      "id": "node_3",
      "type": "haar_cascade",
      "x": 650,
      "y": 150,
      "label": "Eye Detect",
      "properties": {
        "cascadeType": "eye",
        "scaleFactor": 1.1,
        "minNeighbors": 5,
        "minWidth": 15,
        "minHeight": 15
      }
    },
    {
      "id": "node_4",
      "type": "image_show",
      "x": 950,
      "y": 150,
      "properties": {
        "windowName": "Face+Eye Detection"
      }
    },
    {
      "id": "node_5",
      "type": "image_show",
      "x": 350,
      "y": 400,
      "properties": {
        "windowName": "Original"
      }
    }
  ],
  "connections": [
    {
      "sourceNode": "node_1",
      "sourcePort": "image",
      "targetNode": "node_2",
      "targetPort": "image"
    },
    {
      "sourceNode": "node_2",
      "sourcePort": "image",
      "targetNode": "node_3",
      "targetPort": "image"
    },
    {
      "sourceNode": "node_3",
      "sourcePort": "image",
      "targetNode": "node_4",
      "targetPort": "image"
    },
    {
      "sourceNode": "node_1",
      "sourcePort": "image",
      "targetNode": "node_5",
      "targetPort": "image"
    }
  ],
  "pan": {
    "x": 0,
    "y": 0
  },
  "zoom": 1,
  "nextNodeId": 6
}