{
  "version": 2,
  "nodes": [
    {
      "id": "node_1",
      "type": "image_read",
      "x": 50,
      "y": 250,
      "label": "transport.jpg",
      "properties": {
        "filepath": "",
        "imageId": "718fe429",
        "filename": "transport.jpg"
      }
    },
    {
      "id": "node_2",
      "type": "cvt_color",
      "x": 280,
      "y": 250,
      "label": "",
      "properties": {
        "code": "COLOR_BGR2GRAY"
      }
    },
    {
      "id": "node_3",
      "type": "gaussian_blur",
      "x": 510,
      "y": 250,
      "label": "",
      "properties": {
        "ksize": 5,
        "sigmaX": 0
      }
    },
    {
      "id": "node_4",
      "type": "adaptive_threshold",
      "x": 740,
      "y": 250,
      "label": "",
      "properties": {
        "maxval": 255,
        "adaptiveMethod": "ADAPTIVE_THRESH_GAUSSIAN_C",
        "thresholdType": "THRESH_BINARY",
        "blockSize": 11,
        "C": 2
      }
    },
    {
      "id": "node_5",
      "type": "morphology",
      "x": 970,
      "y": 250,
      "label": "Close",
      "properties": {
        "operation": "MORPH_CLOSE",
        "ksize": 3,
        "shape": "MORPH_RECT",
        "iterations": 2
      }
    },
    {
      "id": "node_6",
      "type": "find_contours",
      "x": 1200,
      "y": 250,
      "label": "",
      "properties": {
        "mode": "RETR_EXTERNAL",
        "method": "CHAIN_APPROX_SIMPLE"
      }
    },
    {
      "id": "node_7",
      "type": "approx_poly",
      "x": 1430,
      "y": 250,
      "label": "",
      "properties": {
        "epsilon": 0.02,
        "closed": true,
        "mode": "RETR_EXTERNAL",
        "method": "CHAIN_APPROX_SIMPLE",
        "thickness": 3,
        "colorR": 0,
        "colorG": 255,
        "colorB": 0
      }
    },
    {
      "id": "node_8",
      "type": "image_show",
      "x": 1660,
      "y": 250,
      "label": "",
      "properties": {
        "windowName": "Document Scanner"
      }
    },
    {
      "id": "node_9",
      "type": "canny",
      "x": 740,
      "y": 450,
      "label": "",
      "properties": {
        "threshold1": 50,
        "threshold2": 150
      }
    },
    {
      "id": "node_10",
      "type": "image_show",
      "x": 970,
      "y": 450,
      "label": "Edge View",
      "properties": {
        "windowName": "Edges"
      }
    }
  ],
  "connections": [
    {
      "sourceNode": "node_1",
      "sourcePort": "image",
      "targetNode": "node_2",
      "targetPort": "image"
    },
    {
      "sourceNode": "node_2",
      "sourcePort": "image",
      "targetNode": "node_3",
      "targetPort": "image"
    },
    {
      "sourceNode": "node_3",
      "sourcePort": "image",
      "targetNode": "node_4",
      "targetPort": "image"
    },
    {
      "sourceNode": "node_4",
      "sourcePort": "image",
      "targetNode": "node_5",
      "targetPort": "image"
    },
    {
      "sourceNode": "node_5",
      "sourcePort": "image",
      "targetNode": "node_6",
      "targetPort": "image"
    },
    {
      "sourceNode": "node_6",
      "sourcePort": "image",
      "targetNode": "node_7",
      "targetPort": "image"
    },
    {
      "sourceNode": "node_7",
      "sourcePort": "image",
      "targetNode": "node_8",
      "targetPort": "image"
    },
    {
      "sourceNode": "node_3",
      "sourcePort": "image",
      "targetNode": "node_9",
      "targetPort": "image"
    },
    {
      "sourceNode": "node_9",
      "sourcePort": "image",
      "targetNode": "node_10",
      "targetPort": "image"
    }
  ],
  "pan": {
    "x": 0,
    "y": 0
  },
  "zoom": 1,
  "nextNodeId": 11
}