{
  "version": 2,
  "nodes": [
    {
      "id": "node_1",
      "type": "image_read",
      "x": 50,
      "y": 250,
      "properties": {
        "filepath": "",
        "imageId": "3845d4af",
        "filename": "hex.jpg"
      },
      "label": "hex.jpg"
    },
    {
      "id": "node_2",
      "type": "cvt_color",
      "x": 250,
      "y": 250,
      "properties": {
        "code": "COLOR_BGR2GRAY"
      }
    },
    {
      "id": "node_3",
      "type": "otsu_threshold",
      "x": 450,
      "y": 250,
      "properties": {
        "maxval": 255
      }
    },
    {
      "id": "node_4",
      "type": "draw_contours",
      "x": 700,
      "y": 80,
      "properties": {
        "mode": "RETR_EXTERNAL",
        "method": "CHAIN_APPROX_SIMPLE",
        "thickness": 2,
        "colorR": 0,
        "colorG": 255,
        "colorB": 0
      }
    },
    {
      "id": "node_5",
      "type": "bounding_rect",
      "x": 700,
      "y": 250,
      "properties": {
        "mode": "RETR_EXTERNAL",
        "method": "CHAIN_APPROX_SIMPLE",
        "thickness": 2,
        "colorR": 255,
        "colorG": 0,
        "colorB": 0
      }
    },
    {
      "id": "node_6",
      "type": "contour_area",
      "x": 700,
      "y": 420,
      "properties": {
        "mode": "RETR_EXTERNAL",
        "method": "CHAIN_APPROX_SIMPLE",
        "minArea": 500,
        "maxArea": 100000,
        "thickness": 2,
        "colorR": 0,
        "colorG": 0,
        "colorB": 255
      }
    },
    {
      "id": "node_7",
      "type": "image_show",
      "x": 1000,
      "y": 80,
      "properties": {
        "windowName": "Contours"
      }
    },
    {
      "id": "node_8",
      "type": "image_show",
      "x": 1000,
      "y": 250,
      "properties": {
        "windowName": "Bounding Rects"
      }
    },
    {
      "id": "node_9",
      "type": "image_show",
      "x": 1000,
      "y": 420,
      "properties": {
        "windowName": "Area Filter"
      }
    }
  ],
  "connections": [
    {
      "sourceNode": "node_1",
      "sourcePort": "image",
      "targetNode": "node_2",
      "targetPort": "image"
    },
    {
      "sourceNode": "node_2",
      "sourcePort": "image",
      "targetNode": "node_3",
      "targetPort": "image"
    },
    {
      "sourceNode": "node_3",
      "sourcePort": "image",
      "targetNode": "node_4",
      "targetPort": "image"
    },
    {
      "sourceNode": "node_3",
      "sourcePort": "image",
      "targetNode": "node_5",
      "targetPort": "image"
    },
    {
      "sourceNode": "node_3",
      "sourcePort": "image",
      "targetNode": "node_6",
      "targetPort": "image"
    },
    {
      "sourceNode": "node_4",
      "sourcePort": "image",
      "targetNode": "node_7",
      "targetPort": "image"
    },
    {
      "sourceNode": "node_5",
      "sourcePort": "image",
      "targetNode": "node_8",
      "targetPort": "image"
    },
    {
      "sourceNode": "node_6",
      "sourcePort": "image",
      "targetNode": "node_9",
      "targetPort": "image"
    }
  ],
  "pan": {
    "x": 0,
    "y": 0
  },
  "zoom": 1,
  "nextNodeId": 10
}