{
  "version": 2,
  "nodes": [
    {
      "id": "node_2",
      "type": "cvt_color",
      "x": 600,
      "y": 180,
      "label": "",
      "properties": {
        "code": "COLOR_BGR2GRAY"
      }
    },
    {
      "id": "node_3",
      "type": "image_show",
      "x": 960,
      "y": 200,
      "label": "",
      "properties": {
        "windowName": "Output"
      }
    },
    {
      "id": "node_1",
      "type": "image_read",
      "x": 300,
      "y": 180,
      "label": "apple.jpg",
      "properties": {
        "filepath": "",
        "flags": "IMREAD_COLOR",
        "imageId": "2b9ed6f8",
        "filename": "apple.jpg"
      }
    }
  ],
  "connections": [
    {
      "sourceNode": "node_2",
      "sourcePort": "image",
      "targetNode": "node_3",
      "targetPort": "image"
    },
    {
      "sourceNode": "node_1",
      "sourcePort": "image",
      "targetNode": "node_2",
      "targetPort": "image"
    }
  ],
  "pan": {
    "x": 0,
    "y": 0
  },
  "zoom": 1,
  "nextNodeId": 4
}