{
  "version": 2,
  "nodes": [
    {
      "id": "node_1",
      "type": "image_read",
      "x": 50,
      "y": 200,
      "properties": {
        "imageId": "268a9b9e",
        "filename": "bird.jpg"
      },
      "label": "bird.jpg"
    },
    {
      "id": "node_2",
      "type": "grabcut",
      "x": 350,
      "y": 200,
      "label": "GrabCut",
      "properties": {
        "x": 50,
        "y": 50,
        "width": 400,
        "height": 300,
        "iterations": 5
      }
    },
    {
      "id": "node_3",
      "type": "image_show",
      "x": 650,
      "y": 200,
      "label": "GrabCut Result",
      "properties": {
        "windowName": "GrabCut Result"
      }
    },
    {
      "id": "node_4",
      "type": "image_show",
      "x": 350,
      "y": 400,
      "label": "Original",
      "properties": {
        "windowName": "Original"
      }
    }
  ],
  "connections": [
    {
      "sourceNode": "node_1",
      "sourcePort": "image",
      "targetNode": "node_2",
      "targetPort": "image"
    },
    {
      "sourceNode": "node_2",
      "sourcePort": "image",
      "targetNode": "node_3",
      "targetPort": "image"
    },
    {
      "sourceNode": "node_1",
      "sourcePort": "image",
      "targetNode": "node_4",
      "targetPort": "image"
    }
  ],
  "pan": {
    "x": 0,
    "y": 0
  },
  "zoom": 1,
  "nextNodeId": 5
}