{
  "version": 2,
  "nodes": [
    {
      "id": "node_1",
      "type": "image_read",
      "x": 50,
      "y": 300,
      "properties": {
        "imageId": "a97c3fd2",
        "filename": "111.jpg"
      },
      "label": "111.jpg"
    },
    {
      "id": "node_2",
      "type": "cvt_color",
      "x": 280,
      "y": 300,
      "label": "Grayscale",
      "properties": {
        "code": "COLOR_BGR2GRAY"
      }
    },
    {
      "id": "node_3",
      "type": "otsu_threshold",
      "x": 510,
      "y": 300,
      "label": "Otsu Threshold",
      "properties": {
        "maxval": 255
      }
    },
    {
      "id": "node_4",
      "type": "morphology",
      "x": 800,
      "y": 80,
      "label": "Open",
      "properties": {
        "operation": "MORPH_OPEN",
        "ksize": 5,
        "shape": "MORPH_RECT",
        "iterations": 1
      }
    },
    {
      "id": "node_5",
      "type": "morphology",
      "x": 800,
      "y": 220,
      "label": "Close",
      "properties": {
        "operation": "MORPH_CLOSE",
        "ksize": 5,
        "shape": "MORPH_RECT",
        "iterations": 1
      }
    },
    {
      "id": "node_6",
      "type": "morphology",
      "x": 800,
      "y": 360,
      "label": "Gradient",
      "properties": {
        "operation": "MORPH_GRADIENT",
        "ksize": 5,
        "shape": "MORPH_RECT",
        "iterations": 1
      }
    },
    {
      "id": "node_7",
      "type": "morphology",
      "x": 800,
      "y": 500,
      "label": "TopHat",
      "properties": {
        "operation": "MORPH_TOPHAT",
        "ksize": 5,
        "shape": "MORPH_RECT",
        "iterations": 1
      }
    },
    {
      "id": "node_8",
      "type": "image_show",
      "x": 1100,
      "y": 80,
      "label": "Open",
      "properties": {
        "windowName": "Open"
      }
    },
    {
      "id": "node_9",
      "type": "image_show",
      "x": 1100,
      "y": 220,
      "label": "Close",
      "properties": {
        "windowName": "Close"
      }
    },
    {
      "id": "node_10",
      "type": "image_show",
      "x": 1100,
      "y": 360,
      "label": "Gradient",
      "properties": {
        "windowName": "Gradient"
      }
    },
    {
      "id": "node_11",
      "type": "image_show",
      "x": 1100,
      "y": 500,
      "label": "TopHat",
      "properties": {
        "windowName": "TopHat"
      }
    }
  ],
  "connections": [
    {
      "sourceNode": "node_1",
      "sourcePort": "image",
      "targetNode": "node_2",
      "targetPort": "image"
    },
    {
      "sourceNode": "node_2",
      "sourcePort": "image",
      "targetNode": "node_3",
      "targetPort": "image"
    },
    {
      "sourceNode": "node_3",
      "sourcePort": "image",
      "targetNode": "node_4",
      "targetPort": "image"
    },
    {
      "sourceNode": "node_3",
      "sourcePort": "image",
      "targetNode": "node_5",
      "targetPort": "image"
    },
    {
      "sourceNode": "node_3",
      "sourcePort": "image",
      "targetNode": "node_6",
      "targetPort": "image"
    },
    {
      "sourceNode": "node_3",
      "sourcePort": "image",
      "targetNode": "node_7",
      "targetPort": "image"
    },
    {
      "sourceNode": "node_4",
      "sourcePort": "image",
      "targetNode": "node_8",
      "targetPort": "image"
    },
    {
      "sourceNode": "node_5",
      "sourcePort": "image",
      "targetNode": "node_9",
      "targetPort": "image"
    },
    {
      "sourceNode": "node_6",
      "sourcePort": "image",
      "targetNode": "node_10",
      "targetPort": "image"
    },
    {
      "sourceNode": "node_7",
      "sourcePort": "image",
      "targetNode": "node_11",
      "targetPort": "image"
    }
  ],
  "pan": {
    "x": 0,
    "y": 0
  },
  "zoom": 1,
  "nextNodeId": 12
}