{
  "version": 2,
  "nodes": [
    {
      "id": "node_1",
      "type": "image_read",
      "x": 50,
      "y": 300,
      "properties": {
        "filepath": "",
        "imageId": "e5e25158",
        "filename": "nape.jpg"
      },
      "label": "nape.jpg"
    },
    {
      "id": "node_2",
      "type": "cvt_color",
      "x": 280,
      "y": 300,
      "properties": {
        "code": "COLOR_BGR2GRAY"
      }
    },
    {
      "id": "node_3",
      "type": "threshold",
      "x": 550,
      "y": 80,
      "properties": {
        "thresh": 127,
        "maxval": 255,
        "type": "THRESH_BINARY"
      }
    },
    {
      "id": "node_4",
      "type": "otsu_threshold",
      "x": 550,
      "y": 300,
      "properties": {
        "maxval": 255
      }
    },
    {
      "id": "node_5",
      "type": "adaptive_threshold",
      "x": 550,
      "y": 520,
      "properties": {
        "maxval": 255,
        "adaptiveMethod": "ADAPTIVE_THRESH_GAUSSIAN_C",
        "thresholdType": "THRESH_BINARY",
        "blockSize": 11,
        "C": 2
      }
    },
    {
      "id": "node_6",
      "type": "image_show",
      "x": 850,
      "y": 80,
      "properties": {
        "windowName": "Binary 127"
      }
    },
    {
      "id": "node_7",
      "type": "image_show",
      "x": 850,
      "y": 300,
      "properties": {
        "windowName": "Otsu"
      }
    },
    {
      "id": "node_8",
      "type": "image_show",
      "x": 850,
      "y": 520,
      "properties": {
        "windowName": "Adaptive"
      }
    }
  ],
  "connections": [
    {
      "sourceNode": "node_1",
      "sourcePort": "image",
      "targetNode": "node_2",
      "targetPort": "image"
    },
    {
      "sourceNode": "node_2",
      "sourcePort": "image",
      "targetNode": "node_3",
      "targetPort": "image"
    },
    {
      "sourceNode": "node_2",
      "sourcePort": "image",
      "targetNode": "node_4",
      "targetPort": "image"
    },
    {
      "sourceNode": "node_2",
      "sourcePort": "image",
      "targetNode": "node_5",
      "targetPort": "image"
    },
    {
      "sourceNode": "node_3",
      "sourcePort": "image",
      "targetNode": "node_6",
      "targetPort": "image"
    },
    {
      "sourceNode": "node_4",
      "sourcePort": "image",
      "targetNode": "node_7",
      "targetPort": "image"
    },
    {
      "sourceNode": "node_5",
      "sourcePort": "image",
      "targetNode": "node_8",
      "targetPort": "image"
    }
  ],
  "pan": {
    "x": 0,
    "y": 0
  },
  "zoom": 1,
  "nextNodeId": 9
}