{
  "version": 2,
  "nodes": [
    {
      "id": "node_1",
      "type": "image_read",
      "x": 50,
      "y": 300,
      "label": "bird.jpg",
      "properties": {
        "filepath": "",
        "imageId": "f59ad364",
        "filename": "bird.jpg"
      }
    },
    {
      "id": "node_2",
      "type": "cvt_color",
      "x": 280,
      "y": 300,
      "label": "",
      "properties": {
        "code": "COLOR_BGR2GRAY"
      }
    },
    {
      "id": "node_3",
      "type": "gaussian_blur",
      "x": 510,
      "y": 150,
      "label": "Blur for Canny",
      "properties": {
        "ksize": 3,
        "sigmaX": 0
      }
    },
    {
      "id": "node_4",
      "type": "canny",
      "x": 740,
      "y": 150,
      "label": "",
      "properties": {
        "threshold1": 50,
        "threshold2": 150
      }
    },
    {
      "id": "node_5",
      "type": "sobel",
      "x": 510,
      "y": 450,
      "label": "",
      "properties": {
        "dx": 1,
        "dy": 1,
        "ksize": 3
      }
    },
    {
      "id": "node_6",
      "type": "bitwise_or",
      "x": 970,
      "y": 300,
      "label": "",
      "properties": {}
    },
    {
      "id": "node_7",
      "type": "bitwise_not",
      "x": 1200,
      "y": 300,
      "label": "",
      "properties": {}
    },
    {
      "id": "node_8",
      "type": "image_show",
      "x": 1430,
      "y": 300,
      "label": "",
      "properties": {
        "windowName": "Edge Art"
      }
    },
    {
      "id": "node_9",
      "type": "image_show",
      "x": 970,
      "y": 100,
      "label": "Canny Only",
      "properties": {
        "windowName": "Canny"
      }
    },
    {
      "id": "node_10",
      "type": "image_show",
      "x": 740,
      "y": 500,
      "label": "Sobel Only",
      "properties": {
        "windowName": "Sobel"
      }
    }
  ],
  "connections": [
    {
      "sourceNode": "node_1",
      "sourcePort": "image",
      "targetNode": "node_2",
      "targetPort": "image"
    },
    {
      "sourceNode": "node_2",
      "sourcePort": "image",
      "targetNode": "node_3",
      "targetPort": "image"
    },
    {
      "sourceNode": "node_3",
      "sourcePort": "image",
      "targetNode": "node_4",
      "targetPort": "image"
    },
    {
      "sourceNode": "node_2",
      "sourcePort": "image",
      "targetNode": "node_5",
      "targetPort": "image"
    },
    {
      "sourceNode": "node_4",
      "sourcePort": "image",
      "targetNode": "node_6",
      "targetPort": "image"
    },
    {
      "sourceNode": "node_5",
      "sourcePort": "image",
      "targetNode": "node_6",
      "targetPort": "image2"
    },
    {
      "sourceNode": "node_6",
      "sourcePort": "image",
      "targetNode": "node_7",
      "targetPort": "image"
    },
    {
      "sourceNode": "node_7",
      "sourcePort": "image",
      "targetNode": "node_8",
      "targetPort": "image"
    },
    {
      "sourceNode": "node_4",
      "sourcePort": "image",
      "targetNode": "node_9",
      "targetPort": "image"
    },
    {
      "sourceNode": "node_5",
      "sourcePort": "image",
      "targetNode": "node_10",
      "targetPort": "image"
    }
  ],
  "pan": {
    "x": 0,
    "y": 0
  },
  "zoom": 1,
  "nextNodeId": 11
}